fold,train_start,train_end,test_start,test_end,n_train,n_test,test_window_size,mae,rmse,mape,r2,model
1,2024-01-01 00:00:00+00:00,2025-03-14 13:00:00+00:00,2025-03-14 14:00:00+00:00,2025-03-21 13:00:00+00:00,10526,168,168,728068.0573660714,949756.4294692482,67.62726745147319,-0.3910135238101109,seasonal_naive_lag_24
2,2024-01-01 00:00:00+00:00,2025-03-21 13:00:00+00:00,2025-03-21 14:00:00+00:00,2025-03-28 13:00:00+00:00,10694,168,168,447117.80608928576,575756.5063568351,48.72907145032905,0.24019512547954547,seasonal_naive_lag_24
3,2024-01-01 00:00:00+00:00,2025-03-28 13:00:00+00:00,2025-03-28 14:00:00+00:00,2025-04-04 13:00:00+00:00,10862,168,168,628140.9525208334,794607.6350957769,58.91343517820029,-0.49880720525086186,seasonal_naive_lag_24
4,2024-01-01 00:00:00+00:00,2025-04-04 13:00:00+00:00,2025-04-04 14:00:00+00:00,2025-04-11 13:00:00+00:00,11030,168,168,455848.40618749993,636129.1499499077,58.0107148320525,-1.4271162545995524,seasonal_naive_lag_24
5,2024-01-01 00:00:00+00:00,2025-04-11 13:00:00+00:00,2025-04-11 14:00:00+00:00,2025-04-18 13:00:00+00:00,11198,168,168,516747.58127083327,659282.84074687,46.86120564972229,-0.27167324738863985,seasonal_naive_lag_24
6,2024-01-01 00:00:00+00:00,2025-04-18 13:00:00+00:00,2025-04-18 14:00:00+00:00,2025-04-25 13:00:00+00:00,11366,168,168,441941.61305357143,594980.0600300041,51.205134558670466,0.24525849255562626,seasonal_naive_lag_24
7,2024-01-01 00:00:00+00:00,2025-04-25 13:00:00+00:00,2025-04-25 14:00:00+00:00,2025-05-02 13:00:00+00:00,11534,168,168,600094.3825267857,723802.0017970745,143.63384086672983,-1.2945798675080717,seasonal_naive_lag_24
8,2024-01-01 00:00:00+00:00,2025-05-02 13:00:00+00:00,2025-05-02 14:00:00+00:00,2025-05-09 13:00:00+00:00,11702,168,168,369167.9158928572,481767.255426749,55.338457783484486,-0.3628168490664321,seasonal_naive_lag_24
9,2024-01-01 00:00:00+00:00,2025-05-09 13:00:00+00:00,2025-05-09 14:00:00+00:00,2025-05-16 13:00:00+00:00,11870,168,168,246070.4025863095,307174.65499046975,27.641321929956575,-0.28167702945832174,seasonal_naive_lag_24
10,2024-01-01 00:00:00+00:00,2025-05-16 13:00:00+00:00,2025-05-16 14:00:00+00:00,2025-05-23 13:00:00+00:00,12038,168,168,212007.41927678572,294946.4443772621,31.79599974804468,-0.3124967616937562,seasonal_naive_lag_24
11,2024-01-01 00:00:00+00:00,2025-05-23 13:00:00+00:00,2025-05-23 14:00:00+00:00,2025-05-30 13:00:00+00:00,12206,168,168,190967.0765982143,255930.41117583428,36.89198176345345,-1.8763477751432442,seasonal_naive_lag_24
12,2024-01-01 00:00:00+00:00,2025-05-30 13:00:00+00:00,2025-05-30 14:00:00+00:00,2025-06-06 13:00:00+00:00,12374,168,168,198474.72107142856,267785.3084180529,24.57861622662387,0.19209218612383316,seasonal_naive_lag_24
13,2024-01-01 00:00:00+00:00,2025-06-06 13:00:00+00:00,2025-06-06 14:00:00+00:00,2025-06-13 13:00:00+00:00,12542,168,168,211813.29398809525,260447.296181108,35.10253470991011,-0.4442552118886307,seasonal_naive_lag_24
14,2024-01-01 00:00:00+00:00,2025-06-13 13:00:00+00:00,2025-06-13 14:00:00+00:00,2025-06-20 13:00:00+00:00,12710,168,168,253401.43000595237,311835.5768762558,39.004181471926245,-0.25408488307604027,seasonal_naive_lag_24
15,2024-01-01 00:00:00+00:00,2025-06-20 13:00:00+00:00,2025-06-20 14:00:00+00:00,2025-06-27 13:00:00+00:00,12878,168,168,287543.853172619,368709.84324380814,52.731236136959666,-1.6299012839502338,seasonal_naive_lag_24
16,2024-01-01 00:00:00+00:00,2025-06-27 13:00:00+00:00,2025-06-27 14:00:00+00:00,2025-07-04 13:00:00+00:00,13046,168,168,166493.56176488096,224307.8241003139,27.096410999502123,-0.10496815904600032,seasonal_naive_lag_24
17,2024-01-01 00:00:00+00:00,2025-07-04 13:00:00+00:00,2025-07-04 14:00:00+00:00,2025-07-11 13:00:00+00:00,13214,168,168,306774.54341964284,370748.0738115648,51.2552515667866,-0.316375409904337,seasonal_naive_lag_24
18,2024-01-01 00:00:00+00:00,2025-07-11 13:00:00+00:00,2025-07-11 14:00:00+00:00,2025-07-18 13:00:00+00:00,13382,168,168,233499.1164642857,281978.06100749876,33.38595252025299,-0.009328720485379582,seasonal_naive_lag_24
19,2024-01-01 00:00:00+00:00,2025-07-18 13:00:00+00:00,2025-07-18 14:00:00+00:00,2025-07-25 13:00:00+00:00,13550,168,168,270622.5190059524,330091.9165698885,23.154160171707638,0.047753568067278374,seasonal_naive_lag_24
20,2024-01-01 00:00:00+00:00,2025-07-25 13:00:00+00:00,2025-07-25 14:00:00+00:00,2025-08-01 13:00:00+00:00,13718,168,168,447197.9465476191,532142.549303969,54.17451207074474,-0.5631197245927415,seasonal_naive_lag_24
21,2024-01-01 00:00:00+00:00,2025-08-01 13:00:00+00:00,2025-08-01 14:00:00+00:00,2025-08-08 13:00:00+00:00,13886,168,168,143528.63533333334,176909.8186328663,29.121550556212256,-0.261685362086175,seasonal_naive_lag_24
22,2024-01-01 00:00:00+00:00,2025-08-08 13:00:00+00:00,2025-08-08 14:00:00+00:00,2025-08-15 13:00:00+00:00,14054,168,168,221677.84169642857,317551.1260499389,35.67928893311709,-0.6634967560201752,seasonal_naive_lag_24
23,2024-01-01 00:00:00+00:00,2025-08-15 13:00:00+00:00,2025-08-15 14:00:00+00:00,2025-08-22 13:00:00+00:00,14222,168,168,296912.0228422619,375599.61932009005,38.16571551113023,-0.08483298164744335,seasonal_naive_lag_24
24,2024-01-01 00:00:00+00:00,2025-08-22 13:00:00+00:00,2025-08-22 14:00:00+00:00,2025-08-29 13:00:00+00:00,14390,168,168,205960.38988690477,261912.8834464486,22.903367506428427,0.6094464054137292,seasonal_naive_lag_24
25,2024-01-01 00:00:00+00:00,2025-08-29 13:00:00+00:00,2025-08-29 14:00:00+00:00,2025-09-05 13:00:00+00:00,14558,168,168,332232.66693452385,394432.0254934889,32.93278132307094,-1.1445808730674623,seasonal_naive_lag_24
26,2024-01-01 00:00:00+00:00,2025-09-05 13:00:00+00:00,2025-09-05 14:00:00+00:00,2025-09-12 13:00:00+00:00,14726,168,168,456156.18576785707,546173.462134768,51.589123335375874,-1.3072765420245038,seasonal_naive_lag_24
27,2024-01-01 00:00:00+00:00,2025-09-12 13:00:00+00:00,2025-09-12 14:00:00+00:00,2025-09-19 13:00:00+00:00,14894,168,168,171812.99976488095,212573.70882813158,28.240283745746837,0.33112184423370417,seasonal_naive_lag_24
28,2024-01-01 00:00:00+00:00,2025-09-19 13:00:00+00:00,2025-09-19 14:00:00+00:00,2025-09-26 13:00:00+00:00,15062,168,168,394485.67628273804,493083.04756432684,46.005196228593576,-0.15685362509265555,seasonal_naive_lag_24
29,2024-01-01 00:00:00+00:00,2025-09-26 13:00:00+00:00,2025-09-26 14:00:00+00:00,2025-10-03 13:00:00+00:00,15230,168,168,498800.83607440477,691312.4121468752,53.86309764738101,-0.3118425474626747,seasonal_naive_lag_24
30,2024-01-01 00:00:00+00:00,2025-10-03 13:00:00+00:00,2025-10-03 14:00:00+00:00,2025-10-10 13:00:00+00:00,15398,168,168,370090.67780059524,466289.57100824197,58.26237866971478,-0.5284693296299416,seasonal_naive_lag_24
31,2024-01-01 00:00:00+00:00,2025-10-10 13:00:00+00:00,2025-10-10 14:00:00+00:00,2025-10-17 13:00:00+00:00,15566,168,168,175742.43070535717,254413.326105364,40.13472006158538,0.11879030464758678,seasonal_naive_lag_24
32,2024-01-01 00:00:00+00:00,2025-10-17 13:00:00+00:00,2025-10-17 14:00:00+00:00,2025-10-24 13:00:00+00:00,15734,168,168,539928.9708392858,705398.1818548583,59.28332515326622,-0.49224524461848773,seasonal_naive_lag_24
33,2024-01-01 00:00:00+00:00,2025-10-24 13:00:00+00:00,2025-10-24 14:00:00+00:00,2025-10-31 13:00:00+00:00,15902,166,168,519661.6392861447,628183.7906718269,60.685578205460125,-0.6915718482286475,seasonal_naive_lag_24
34,2024-01-01 00:00:00+00:00,2025-10-31 13:00:00+00:00,2025-10-31 14:00:00+00:00,2025-11-07 13:00:00+00:00,16070,168,168,638606.7449702381,792894.7829231403,72.31167601184474,-0.6399974424531107,seasonal_naive_lag_24
35,2024-01-01 00:00:00+00:00,2025-11-07 13:00:00+00:00,2025-11-07 14:00:00+00:00,2025-11-14 13:00:00+00:00,16238,168,168,519057.08236309525,678366.4093233705,65.78072359905435,0.23840467528655518,seasonal_naive_lag_24
36,2024-01-01 00:00:00+00:00,2025-11-14 13:00:00+00:00,2025-11-14 14:00:00+00:00,2025-11-21 13:00:00+00:00,16406,168,168,444774.5799107143,533455.3286977712,53.213741141483816,-0.14656992331879892,seasonal_naive_lag_24
37,2024-01-01 00:00:00+00:00,2025-11-21 13:00:00+00:00,2025-11-21 14:00:00+00:00,2025-11-28 13:00:00+00:00,16574,168,168,603180.2899702381,722363.1639887412,74.67920820208973,-0.46886631286652314,seasonal_naive_lag_24
38,2024-01-01 00:00:00+00:00,2025-11-28 13:00:00+00:00,2025-11-28 14:00:00+00:00,2025-12-05 13:00:00+00:00,16742,168,168,452128.1411696429,581778.9778413214,39.32722953214216,-0.3087487239567679,seasonal_naive_lag_24
39,2024-01-01 00:00:00+00:00,2025-12-05 13:00:00+00:00,2025-12-05 14:00:00+00:00,2025-12-12 13:00:00+00:00,16910,168,168,645685.5499970238,802715.6089974426,73.84282720937789,-1.0821063968452784,seasonal_naive_lag_24
40,2024-01-01 00:00:00+00:00,2025-12-12 13:00:00+00:00,2025-12-12 14:00:00+00:00,2025-12-19 13:00:00+00:00,17078,168,168,719377.7257202382,885223.0891946395,71.28497313232279,-1.6947563613384324,seasonal_naive_lag_24
41,2024-01-01 00:00:00+00:00,2025-12-19 13:00:00+00:00,2025-12-19 14:00:00+00:00,2025-12-26 13:00:00+00:00,17246,168,168,401421.1743630952,490879.78952292044,47.89226704613415,-1.4723948614691484,seasonal_naive_lag_24
1,2024-01-01 00:00:00+00:00,2025-03-14 13:00:00+00:00,2025-03-14 14:00:00+00:00,2025-03-21 13:00:00+00:00,10525,168,168,63075.86073004306,86261.0872013461,5.449979369254417,0.9885254219883326,ridge
2,2024-01-01 00:00:00+00:00,2025-03-21 13:00:00+00:00,2025-03-21 14:00:00+00:00,2025-03-28 13:00:00+00:00,10693,168,168,63628.209379721164,84153.65651659378,6.0505386682461335,0.9837680629920882,ridge
3,2024-01-01 00:00:00+00:00,2025-03-28 13:00:00+00:00,2025-03-28 14:00:00+00:00,2025-04-04 13:00:00+00:00,10861,168,168,86923.11665571321,148282.38692754335,7.115805651304032,0.9478061369803968,ridge
4,2024-01-01 00:00:00+00:00,2025-04-04 13:00:00+00:00,2025-04-04 14:00:00+00:00,2025-04-11 13:00:00+00:00,11029,168,168,58141.70430776923,72274.32279471487,6.66871021470284,0.9686694479975989,ridge
5,2024-01-01 00:00:00+00:00,2025-04-11 13:00:00+00:00,2025-04-11 14:00:00+00:00,2025-04-18 13:00:00+00:00,11197,168,168,69572.3511605589,96569.23970941709,6.342197824670118,0.9727159011360467,ridge
6,2024-01-01 00:00:00+00:00,2025-04-18 13:00:00+00:00,2025-04-18 14:00:00+00:00,2025-04-25 13:00:00+00:00,11365,168,168,50157.89335921362,66531.33624875991,5.30931929370656,0.9905627403336288,ridge
7,2024-01-01 00:00:00+00:00,2025-04-25 13:00:00+00:00,2025-04-25 14:00:00+00:00,2025-05-02 13:00:00+00:00,11533,168,168,82742.11204392885,122152.71273145512,22.746832366020012,0.9346463495055257,ridge
8,2024-01-01 00:00:00+00:00,2025-05-02 13:00:00+00:00,2025-05-02 14:00:00+00:00,2025-05-09 13:00:00+00:00,11701,168,168,51451.11966449538,68950.73499175064,6.26852673666323,0.9720848004435279,ridge
9,2024-01-01 00:00:00+00:00,2025-05-09 13:00:00+00:00,2025-05-09 14:00:00+00:00,2025-05-16 13:00:00+00:00,11869,168,168,58797.34315434065,73492.88480423174,6.811394611191098,0.926633393354077,ridge
10,2024-01-01 00:00:00+00:00,2025-05-16 13:00:00+00:00,2025-05-16 14:00:00+00:00,2025-05-23 13:00:00+00:00,12037,168,168,44901.05916787978,59221.183613697554,6.235752429073521,0.9470865502662134,ridge
11,2024-01-01 00:00:00+00:00,2025-05-23 13:00:00+00:00,2025-05-23 14:00:00+00:00,2025-05-30 13:00:00+00:00,12205,168,168,34676.89899574227,44429.70432109346,6.401174283380581,0.9133149004933976,ridge
12,2024-01-01 00:00:00+00:00,2025-05-30 13:00:00+00:00,2025-05-30 14:00:00+00:00,2025-06-06 13:00:00+00:00,12373,168,168,53212.291949630315,68273.0682909834,7.309811919089718,0.9474845419602416,ridge
13,2024-01-01 00:00:00+00:00,2025-06-06 13:00:00+00:00,2025-06-06 14:00:00+00:00,2025-06-13 13:00:00+00:00,12541,168,168,48262.07948517907,61499.32511610162,6.801946372424612,0.9194723664180947,ridge
14,2024-01-01 00:00:00+00:00,2025-06-13 13:00:00+00:00,2025-06-13 14:00:00+00:00,2025-06-20 13:00:00+00:00,12709,168,168,50543.82058675046,70489.98679151319,7.112772692973839,0.9359188248009587,ridge
15,2024-01-01 00:00:00+00:00,2025-06-20 13:00:00+00:00,2025-06-20 14:00:00+00:00,2025-06-27 13:00:00+00:00,12877,168,168,49723.65834456417,75459.12281915167,7.5561557871728064,0.8898477206922519,ridge
16,2024-01-01 00:00:00+00:00,2025-06-27 13:00:00+00:00,2025-06-27 14:00:00+00:00,2025-07-04 13:00:00+00:00,13045,168,168,46314.388478027664,64543.67608713288,7.366037275475033,0.9085111196826811,ridge
17,2024-01-01 00:00:00+00:00,2025-07-04 13:00:00+00:00,2025-07-04 14:00:00+00:00,2025-07-11 13:00:00+00:00,13213,168,168,51832.50557336931,70309.38141851542,7.60506099979546,0.9526577920926247,ridge
18,2024-01-01 00:00:00+00:00,2025-07-11 13:00:00+00:00,2025-07-11 14:00:00+00:00,2025-07-18 13:00:00+00:00,13381,168,168,52358.23548658937,70003.00601593794,7.25352054801101,0.9377935567269875,ridge
19,2024-01-01 00:00:00+00:00,2025-07-18 13:00:00+00:00,2025-07-18 14:00:00+00:00,2025-07-25 13:00:00+00:00,13549,168,168,70031.83026272972,89082.50326466655,5.948156862939064,0.9306471360120266,ridge
20,2024-01-01 00:00:00+00:00,2025-07-25 13:00:00+00:00,2025-07-25 14:00:00+00:00,2025-08-01 13:00:00+00:00,13717,168,168,61676.57843552138,81740.69580073464,7.609104627165457,0.963118130047367,ridge
21,2024-01-01 00:00:00+00:00,2025-08-01 13:00:00+00:00,2025-08-01 14:00:00+00:00,2025-08-08 13:00:00+00:00,13885,168,168,40253.362726919404,53521.99045578782,7.568136587466855,0.8845186898287423,ridge
22,2024-01-01 00:00:00+00:00,2025-08-08 13:00:00+00:00,2025-08-08 14:00:00+00:00,2025-08-15 13:00:00+00:00,14053,168,168,51477.51930866297,78186.9240098896,8.001077197372204,0.8991530194837848,ridge
23,2024-01-01 00:00:00+00:00,2025-08-15 13:00:00+00:00,2025-08-15 14:00:00+00:00,2025-08-22 13:00:00+00:00,14221,168,168,51778.99697930169,68149.93632544753,5.727044607827268,0.9642855881654641,ridge
24,2024-01-01 00:00:00+00:00,2025-08-22 13:00:00+00:00,2025-08-22 14:00:00+00:00,2025-08-29 13:00:00+00:00,14389,168,168,53891.90023408081,70742.19326469995,5.983046552273398,0.9715079330294459,ridge
25,2024-01-01 00:00:00+00:00,2025-08-29 13:00:00+00:00,2025-08-29 14:00:00+00:00,2025-09-05 13:00:00+00:00,14557,168,168,62709.369848712035,76363.68766850184,5.8590746521067825,0.9196155815581846,ridge
26,2024-01-01 00:00:00+00:00,2025-09-05 13:00:00+00:00,2025-09-05 14:00:00+00:00,2025-09-12 13:00:00+00:00,14725,168,168,64660.07458535613,83519.20307774773,6.265975408147788,0.9460475532095545,ridge
27,2024-01-01 00:00:00+00:00,2025-09-12 13:00:00+00:00,2025-09-12 14:00:00+00:00,2025-09-19 13:00:00+00:00,14893,168,168,43927.87816215177,58210.85047310232,6.713580145034441,0.9498425091941958,ridge
28,2024-01-01 00:00:00+00:00,2025-09-19 13:00:00+00:00,2025-09-19 14:00:00+00:00,2025-09-26 13:00:00+00:00,15061,168,168,56979.15041236821,73721.55638839696,6.900226174327978,0.9741400750920532,ridge
29,2024-01-01 00:00:00+00:00,2025-09-26 13:00:00+00:00,2025-09-26 14:00:00+00:00,2025-10-03 13:00:00+00:00,15229,168,168,48891.90805811183,66487.8301163302,6.350559396005787,0.9878656275004534,ridge
30,2024-01-01 00:00:00+00:00,2025-10-03 13:00:00+00:00,2025-10-03 14:00:00+00:00,2025-10-10 13:00:00+00:00,15397,168,168,54613.43506522754,81111.25214254085,6.29610419843517,0.9537504474065344,ridge
31,2024-01-01 00:00:00+00:00,2025-10-10 13:00:00+00:00,2025-10-10 14:00:00+00:00,2025-10-17 13:00:00+00:00,15565,168,168,35311.6197737166,51977.9096886732,7.509897383454367,0.9632178445459765,ridge
32,2024-01-01 00:00:00+00:00,2025-10-17 13:00:00+00:00,2025-10-17 14:00:00+00:00,2025-10-24 13:00:00+00:00,15733,168,168,57837.65929403696,78150.90692966129,5.735375014761365,0.9816836228982744,ridge
33,2024-01-01 00:00:00+00:00,2025-10-24 13:00:00+00:00,2025-10-24 14:00:00+00:00,2025-10-31 13:00:00+00:00,15901,167,168,57681.07140916421,71119.4652642301,7.564209480355896,0.9781900322390238,ridge
34,2024-01-01 00:00:00+00:00,2025-10-31 13:00:00+00:00,2025-10-31 14:00:00+00:00,2025-11-07 13:00:00+00:00,16068,168,168,71393.9455537087,91892.67016982312,6.597971432752568,0.9779720646797364,ridge
35,2024-01-01 00:00:00+00:00,2025-11-07 13:00:00+00:00,2025-11-07 14:00:00+00:00,2025-11-14 13:00:00+00:00,16236,168,168,55415.614458925666,73182.0781374211,4.715613601088808,0.9911365035415366,ridge
36,2024-01-01 00:00:00+00:00,2025-11-14 13:00:00+00:00,2025-11-14 14:00:00+00:00,2025-11-21 13:00:00+00:00,16404,168,168,57050.7579702463,74111.1029673095,5.331034517071527,0.9778705314933052,ridge
37,2024-01-01 00:00:00+00:00,2025-11-21 13:00:00+00:00,2025-11-21 14:00:00+00:00,2025-11-28 13:00:00+00:00,16572,168,168,40795.75366995661,55117.88644360518,4.634884676975984,0.99144822631588,ridge
38,2024-01-01 00:00:00+00:00,2025-11-28 13:00:00+00:00,2025-11-28 14:00:00+00:00,2025-12-05 13:00:00+00:00,16740,168,168,63717.68467611688,81556.29550475327,5.58400112122775,0.9742809333288075,ridge
39,2024-01-01 00:00:00+00:00,2025-12-05 13:00:00+00:00,2025-12-05 14:00:00+00:00,2025-12-12 13:00:00+00:00,16908,168,168,51712.84516629834,67488.99405391452,4.85071909878717,0.9852821147633617,ridge
40,2024-01-01 00:00:00+00:00,2025-12-12 13:00:00+00:00,2025-12-12 14:00:00+00:00,2025-12-19 13:00:00+00:00,17076,168,168,78394.16730479791,104983.11793413092,7.076191325316381,0.9620987988670935,ridge
41,2024-01-01 00:00:00+00:00,2025-12-19 13:00:00+00:00,2025-12-19 14:00:00+00:00,2025-12-26 13:00:00+00:00,17244,168,168,61145.65375107153,80758.31360887732,6.305286161984924,0.9330821449655391,ridge
1,2024-01-01 00:00:00+00:00,2025-03-14 13:00:00+00:00,2025-03-14 14:00:00+00:00,2025-03-21 13:00:00+00:00,10525,168,168,62485.236559324236,85885.64522971687,5.405451426368792,0.9886250883198999,lasso
2,2024-01-01 00:00:00+00:00,2025-03-21 13:00:00+00:00,2025-03-21 14:00:00+00:00,2025-03-28 13:00:00+00:00,10693,168,168,63654.0459748079,84228.11965663882,6.046952298072685,0.9837393247102888,lasso
3,2024-01-01 00:00:00+00:00,2025-03-28 13:00:00+00:00,2025-03-28 14:00:00+00:00,2025-04-04 13:00:00+00:00,10861,168,168,87080.49059437876,148475.1611558527,7.133830734544709,0.9476703397063304,lasso
4,2024-01-01 00:00:00+00:00,2025-04-04 13:00:00+00:00,2025-04-04 14:00:00+00:00,2025-04-11 13:00:00+00:00,11029,168,168,58135.96356939091,72285.29654896841,6.663936737918584,0.9686599331417982,lasso
5,2024-01-01 00:00:00+00:00,2025-04-11 13:00:00+00:00,2025-04-11 14:00:00+00:00,2025-04-18 13:00:00+00:00,11197,168,168,69554.6699701002,96616.753722884,6.347065144814845,0.9726890458772379,lasso
6,2024-01-01 00:00:00+00:00,2025-04-18 13:00:00+00:00,2025-04-18 14:00:00+00:00,2025-04-25 13:00:00+00:00,11365,168,168,49994.703443923674,66354.68286727843,5.276107816265972,0.9906127892477212,lasso
7,2024-01-01 00:00:00+00:00,2025-04-25 13:00:00+00:00,2025-04-25 14:00:00+00:00,2025-05-02 13:00:00+00:00,11533,168,168,83159.89667127798,122352.13001227326,23.27124343473818,0.9344327924745168,lasso
8,2024-01-01 00:00:00+00:00,2025-05-02 13:00:00+00:00,2025-05-02 14:00:00+00:00,2025-05-09 13:00:00+00:00,11701,168,168,51384.32383920989,68898.56604072367,6.253206649697934,0.9721270264110746,lasso
9,2024-01-01 00:00:00+00:00,2025-05-09 13:00:00+00:00,2025-05-09 14:00:00+00:00,2025-05-16 13:00:00+00:00,11869,168,168,58848.69595653507,73563.11917765556,6.811880909737441,0.9264930989607509,lasso
10,2024-01-01 00:00:00+00:00,2025-05-16 13:00:00+00:00,2025-05-16 14:00:00+00:00,2025-05-23 13:00:00+00:00,12037,168,168,44852.9987398234,59289.95754012373,6.218927030355646,0.946963581473241,lasso
11,2024-01-01 00:00:00+00:00,2025-05-23 13:00:00+00:00,2025-05-23 14:00:00+00:00,2025-05-30 13:00:00+00:00,12205,168,168,34496.440041744994,44344.83816998102,6.358310922142279,0.9136457424305873,lasso
12,2024-01-01 00:00:00+00:00,2025-05-30 13:00:00+00:00,2025-05-30 14:00:00+00:00,2025-06-06 13:00:00+00:00,12373,168,168,53304.78988980561,68335.2977451755,7.317281266793138,0.9473887648776396,lasso
13,2024-01-01 00:00:00+00:00,2025-06-06 13:00:00+00:00,2025-06-06 14:00:00+00:00,2025-06-13 13:00:00+00:00,12541,168,168,48323.67174441996,61586.336793380215,6.80346665941291,0.9192443378590065,lasso
14,2024-01-01 00:00:00+00:00,2025-06-13 13:00:00+00:00,2025-06-13 14:00:00+00:00,2025-06-20 13:00:00+00:00,12709,168,168,50553.04619135003,70612.4486256394,7.102328976643762,0.9356959757039076,lasso
15,2024-01-01 00:00:00+00:00,2025-06-20 13:00:00+00:00,2025-06-20 14:00:00+00:00,2025-06-27 13:00:00+00:00,12877,168,168,49684.04475291022,75480.77208200126,7.548425484528506,0.8897845061292619,lasso
16,2024-01-01 00:00:00+00:00,2025-06-27 13:00:00+00:00,2025-06-27 14:00:00+00:00,2025-07-04 13:00:00+00:00,13045,168,168,46309.823673893196,64602.310988227,7.359644036841291,0.9083448174685637,lasso
17,2024-01-01 00:00:00+00:00,2025-07-04 13:00:00+00:00,2025-07-04 14:00:00+00:00,2025-07-11 13:00:00+00:00,13213,168,168,51924.83885980442,70404.6051725187,7.608247823485276,0.9525294690878985,lasso
18,2024-01-01 00:00:00+00:00,2025-07-11 13:00:00+00:00,2025-07-11 14:00:00+00:00,2025-07-18 13:00:00+00:00,13381,168,168,52433.72960834483,70144.68402422106,7.260372342679271,0.9375415045931315,lasso
19,2024-01-01 00:00:00+00:00,2025-07-18 13:00:00+00:00,2025-07-18 14:00:00+00:00,2025-07-25 13:00:00+00:00,13549,168,168,70092.44943780972,89140.05673226697,5.952108993029163,0.9305574935557365,lasso
20,2024-01-01 00:00:00+00:00,2025-07-25 13:00:00+00:00,2025-07-25 14:00:00+00:00,2025-08-01 13:00:00+00:00,13717,168,168,61992.34310103833,81907.19246293174,7.656000089116039,0.9629677285331472,lasso
21,2024-01-01 00:00:00+00:00,2025-08-01 13:00:00+00:00,2025-08-01 14:00:00+00:00,2025-08-08 13:00:00+00:00,13885,168,168,40315.866316463886,53555.300547744024,7.576923648461189,0.8843749025724219,lasso
22,2024-01-01 00:00:00+00:00,2025-08-08 13:00:00+00:00,2025-08-08 14:00:00+00:00,2025-08-15 13:00:00+00:00,14053,168,168,51535.726699132916,78269.77666688024,8.007176900772393,0.8989391763786141,lasso
23,2024-01-01 00:00:00+00:00,2025-08-15 13:00:00+00:00,2025-08-15 14:00:00+00:00,2025-08-22 13:00:00+00:00,14221,168,168,51753.91618449377,68143.07368538578,5.718451701551739,0.96429278062451,lasso
24,2024-01-01 00:00:00+00:00,2025-08-22 13:00:00+00:00,2025-08-22 14:00:00+00:00,2025-08-29 13:00:00+00:00,14389,168,168,54094.851293086394,70973.47988534905,6.006288392886943,0.971321322858647,lasso
25,2024-01-01 00:00:00+00:00,2025-08-29 13:00:00+00:00,2025-08-29 14:00:00+00:00,2025-09-05 13:00:00+00:00,14557,168,168,62682.98356428683,76445.31097725111,5.850054062126202,0.9194436477770245,lasso
26,2024-01-01 00:00:00+00:00,2025-09-05 13:00:00+00:00,2025-09-05 14:00:00+00:00,2025-09-12 13:00:00+00:00,14725,168,168,64894.86125954391,83537.19128503457,6.28030430244423,0.9460243103558443,lasso
27,2024-01-01 00:00:00+00:00,2025-09-12 13:00:00+00:00,2025-09-12 14:00:00+00:00,2025-09-19 13:00:00+00:00,14893,168,168,43934.90208132465,58321.87440362179,6.701731965621982,0.9496509987721826,lasso
28,2024-01-01 00:00:00+00:00,2025-09-19 13:00:00+00:00,2025-09-19 14:00:00+00:00,2025-09-26 13:00:00+00:00,15061,168,168,56966.46635446172,73707.0592611775,6.900159020022828,0.9741502446483861,lasso
29,2024-01-01 00:00:00+00:00,2025-09-26 13:00:00+00:00,2025-09-26 14:00:00+00:00,2025-10-03 13:00:00+00:00,15229,168,168,48720.08201991811,66196.00131197278,6.331237987591373,0.9879719142591679,lasso
30,2024-01-01 00:00:00+00:00,2025-10-03 13:00:00+00:00,2025-10-03 14:00:00+00:00,2025-10-10 13:00:00+00:00,15397,168,168,54563.00790594196,81081.40146931108,6.288661132509373,0.9537844827888892,lasso
31,2024-01-01 00:00:00+00:00,2025-10-10 13:00:00+00:00,2025-10-10 14:00:00+00:00,2025-10-17 13:00:00+00:00,15565,168,168,35362.230494897325,52327.19378762935,7.502999495042781,0.9627218419741372,lasso
32,2024-01-01 00:00:00+00:00,2025-10-17 13:00:00+00:00,2025-10-17 14:00:00+00:00,2025-10-24 13:00:00+00:00,15733,168,168,57431.52955484589,77777.49425144658,5.6988937497475005,0.9818582396144635,lasso
33,2024-01-01 00:00:00+00:00,2025-10-24 13:00:00+00:00,2025-10-24 14:00:00+00:00,2025-10-31 13:00:00+00:00,15901,167,168,57386.72789954802,70951.97840962355,7.539225373387244,0.9782926365430069,lasso
34,2024-01-01 00:00:00+00:00,2025-10-31 13:00:00+00:00,2025-10-31 14:00:00+00:00,2025-11-07 13:00:00+00:00,16068,168,168,71436.97959735713,91729.32288578278,6.602766341361492,0.9780503082510638,lasso
35,2024-01-01 00:00:00+00:00,2025-11-07 13:00:00+00:00,2025-11-07 14:00:00+00:00,2025-11-14 13:00:00+00:00,16236,168,168,54827.87779856981,72772.37518439749,4.660266479489289,0.9912354686362279,lasso
36,2024-01-01 00:00:00+00:00,2025-11-14 13:00:00+00:00,2025-11-14 14:00:00+00:00,2025-11-21 13:00:00+00:00,16404,168,168,57009.91396731739,74096.73945432238,5.326405736827749,0.9778791085106091,lasso
37,2024-01-01 00:00:00+00:00,2025-11-21 13:00:00+00:00,2025-11-21 14:00:00+00:00,2025-11-28 13:00:00+00:00,16572,168,168,40486.35646236191,54825.09453478024,4.594694255533639,0.9915388408092994,lasso
38,2024-01-01 00:00:00+00:00,2025-11-28 13:00:00+00:00,2025-11-28 14:00:00+00:00,2025-12-05 13:00:00+00:00,16740,168,168,63688.342560950456,81502.19995424699,5.5820602044246135,0.9743150404605118,lasso
39,2024-01-01 00:00:00+00:00,2025-12-05 13:00:00+00:00,2025-12-05 14:00:00+00:00,2025-12-12 13:00:00+00:00,16908,168,168,51483.60899670063,67277.95309662702,4.83851560291147,0.9853740177533589,lasso
40,2024-01-01 00:00:00+00:00,2025-12-12 13:00:00+00:00,2025-12-12 14:00:00+00:00,2025-12-19 13:00:00+00:00,17076,168,168,78395.02833241054,104975.6027113669,7.0828102581110315,0.9621042249923628,lasso
41,2024-01-01 00:00:00+00:00,2025-12-19 13:00:00+00:00,2025-12-19 14:00:00+00:00,2025-12-26 13:00:00+00:00,17244,168,168,61133.02314311623,80763.96185003589,6.307489069144065,0.9330727841608437,lasso
1,2024-01-01 00:00:00+00:00,2025-03-14 13:00:00+00:00,2025-03-14 14:00:00+00:00,2025-03-21 13:00:00+00:00,10525,168,168,65473.08062212273,89391.7137594716,5.434362695250522,0.9876774271426862,random_forest
2,2024-01-01 00:00:00+00:00,2025-03-21 13:00:00+00:00,2025-03-21 14:00:00+00:00,2025-03-28 13:00:00+00:00,10693,168,168,63459.56647074375,84317.56668046165,6.1776119684509405,0.9837047699485056,random_forest
3,2024-01-01 00:00:00+00:00,2025-03-28 13:00:00+00:00,2025-03-28 14:00:00+00:00,2025-04-04 13:00:00+00:00,10861,168,168,88188.67156464048,149111.2549409133,7.143070017072864,0.9472210002450995,random_forest
4,2024-01-01 00:00:00+00:00,2025-04-04 13:00:00+00:00,2025-04-04 14:00:00+00:00,2025-04-11 13:00:00+00:00,11029,168,168,65577.52914007781,80637.46630832093,7.617728312555736,0.9609991806130634,random_forest
5,2024-01-01 00:00:00+00:00,2025-04-11 13:00:00+00:00,2025-04-11 14:00:00+00:00,2025-04-18 13:00:00+00:00,11197,168,168,73420.2972349355,98423.39693642771,6.885918138587183,0.9716581177047975,random_forest
6,2024-01-01 00:00:00+00:00,2025-04-18 13:00:00+00:00,2025-04-18 14:00:00+00:00,2025-04-25 13:00:00+00:00,11365,168,168,52961.36846362376,72920.02054919957,5.547833413711032,0.9886632915644408,random_forest
7,2024-01-01 00:00:00+00:00,2025-04-25 13:00:00+00:00,2025-04-25 14:00:00+00:00,2025-05-02 13:00:00+00:00,11533,168,168,94444.35641292308,131686.2840331966,41.82327490739633,0.9240470398361862,random_forest
8,2024-01-01 00:00:00+00:00,2025-05-02 13:00:00+00:00,2025-05-02 14:00:00+00:00,2025-05-09 13:00:00+00:00,11701,168,168,53523.716935048666,70426.13961140296,6.57739509182725,0.9708773625608488,random_forest
9,2024-01-01 00:00:00+00:00,2025-05-09 13:00:00+00:00,2025-05-09 14:00:00+00:00,2025-05-16 13:00:00+00:00,11869,168,168,60373.59607301095,76662.57994450998,6.930313990056631,0.9201684238734197,random_forest
10,2024-01-01 00:00:00+00:00,2025-05-16 13:00:00+00:00,2025-05-16 14:00:00+00:00,2025-05-23 13:00:00+00:00,12037,168,168,44859.2957567064,58691.50446646512,6.257743820592634,0.948028841880652,random_forest
11,2024-01-01 00:00:00+00:00,2025-05-23 13:00:00+00:00,2025-05-23 14:00:00+00:00,2025-05-30 13:00:00+00:00,12205,168,168,35645.97304546342,46818.10809192937,6.555456203911818,0.9037445506075232,random_forest
12,2024-01-01 00:00:00+00:00,2025-05-30 13:00:00+00:00,2025-05-30 14:00:00+00:00,2025-06-06 13:00:00+00:00,12373,168,168,50164.87554570547,65341.827506249894,6.843381460435458,0.9518971432496595,random_forest
13,2024-01-01 00:00:00+00:00,2025-06-06 13:00:00+00:00,2025-06-06 14:00:00+00:00,2025-06-13 13:00:00+00:00,12541,168,168,50653.86593676525,65932.85386785993,7.064996808412356,0.9074432736113015,random_forest
14,2024-01-01 00:00:00+00:00,2025-06-13 13:00:00+00:00,2025-06-13 14:00:00+00:00,2025-06-20 13:00:00+00:00,12709,168,168,50593.96539447582,70755.962629677,7.254290290939858,0.9354343247827178,random_forest
15,2024-01-01 00:00:00+00:00,2025-06-20 13:00:00+00:00,2025-06-20 14:00:00+00:00,2025-06-27 13:00:00+00:00,12877,168,168,53268.7042637997,80880.19031475663,8.01310610422139,0.873452283664653,random_forest
16,2024-01-01 00:00:00+00:00,2025-06-27 13:00:00+00:00,2025-06-27 14:00:00+00:00,2025-07-04 13:00:00+00:00,13045,168,168,48246.37041204757,67823.25165731215,7.712028682142272,0.8989774950144802,random_forest
17,2024-01-01 00:00:00+00:00,2025-07-04 13:00:00+00:00,2025-07-04 14:00:00+00:00,2025-07-11 13:00:00+00:00,13213,168,168,51131.51968786459,69229.2154483554,7.435155063080533,0.9541012588840934,random_forest
18,2024-01-01 00:00:00+00:00,2025-07-11 13:00:00+00:00,2025-07-11 14:00:00+00:00,2025-07-18 13:00:00+00:00,13381,168,168,50471.95887482206,69456.57695732678,7.041897192141203,0.938760907850761,random_forest
19,2024-01-01 00:00:00+00:00,2025-07-18 13:00:00+00:00,2025-07-18 14:00:00+00:00,2025-07-25 13:00:00+00:00,13549,168,168,67452.72543354468,86325.02768881053,5.688359249178043,0.9348742064553989,random_forest
20,2024-01-01 00:00:00+00:00,2025-07-25 13:00:00+00:00,2025-07-25 14:00:00+00:00,2025-08-01 13:00:00+00:00,13717,168,168,58504.296821544216,78297.8478723011,7.019325441278623,0.9661595661906106,random_forest
21,2024-01-01 00:00:00+00:00,2025-08-01 13:00:00+00:00,2025-08-01 14:00:00+00:00,2025-08-08 13:00:00+00:00,13885,168,168,39472.667603092654,51452.786109250854,7.344114938271375,0.8932752902161814,random_forest
22,2024-01-01 00:00:00+00:00,2025-08-08 13:00:00+00:00,2025-08-08 14:00:00+00:00,2025-08-15 13:00:00+00:00,14053,168,168,53791.78662440417,79529.42738912108,8.240776062601118,0.8956601146499961,random_forest
23,2024-01-01 00:00:00+00:00,2025-08-15 13:00:00+00:00,2025-08-15 14:00:00+00:00,2025-08-22 13:00:00+00:00,14221,168,168,51866.049015719924,67576.8993449745,5.895202936318681,0.9648836704895355,random_forest
24,2024-01-01 00:00:00+00:00,2025-08-22 13:00:00+00:00,2025-08-22 14:00:00+00:00,2025-08-29 13:00:00+00:00,14389,168,168,53667.334556227164,70745.24893197253,5.968367029035501,0.9715054715802639,random_forest
25,2024-01-01 00:00:00+00:00,2025-08-29 13:00:00+00:00,2025-08-29 14:00:00+00:00,2025-09-05 13:00:00+00:00,14557,168,168,68390.83254011124,83619.13239986358,6.291857113108199,0.903615010792061,random_forest
26,2024-01-01 00:00:00+00:00,2025-09-05 13:00:00+00:00,2025-09-05 14:00:00+00:00,2025-09-12 13:00:00+00:00,14725,168,168,66650.39896460895,86420.41126807516,6.337503650368023,0.9422341565235178,random_forest
27,2024-01-01 00:00:00+00:00,2025-09-12 13:00:00+00:00,2025-09-12 14:00:00+00:00,2025-09-19 13:00:00+00:00,14893,168,168,41527.04227551486,55531.765425755555,6.331169293345821,0.9543531435751609,random_forest
28,2024-01-01 00:00:00+00:00,2025-09-19 13:00:00+00:00,2025-09-19 14:00:00+00:00,2025-09-26 13:00:00+00:00,15061,168,168,56309.53770086521,73303.67801204434,6.728043693116413,0.9744324095758737,random_forest
29,2024-01-01 00:00:00+00:00,2025-09-26 13:00:00+00:00,2025-09-26 14:00:00+00:00,2025-10-03 13:00:00+00:00,15229,168,168,51684.839894921395,69928.79253744257,6.651544960763181,0.9865771399508376,random_forest
30,2024-01-01 00:00:00+00:00,2025-10-03 13:00:00+00:00,2025-10-03 14:00:00+00:00,2025-10-10 13:00:00+00:00,15397,168,168,53773.99257541075,78581.32690086552,6.319381261236548,0.9565905743192566,random_forest
31,2024-01-01 00:00:00+00:00,2025-10-10 13:00:00+00:00,2025-10-10 14:00:00+00:00,2025-10-17 13:00:00+00:00,15565,168,168,35945.74859554649,51898.28379195792,7.766222894258109,0.9633304527204354,random_forest
32,2024-01-01 00:00:00+00:00,2025-10-17 13:00:00+00:00,2025-10-17 14:00:00+00:00,2025-10-24 13:00:00+00:00,15733,168,168,59299.5355610491,81651.94896983959,5.8419272597019845,0.9800057718872379,random_forest
33,2024-01-01 00:00:00+00:00,2025-10-24 13:00:00+00:00,2025-10-24 14:00:00+00:00,2025-10-31 13:00:00+00:00,15901,167,168,57990.655339232006,72649.49289226743,7.645274529190928,0.9772415210528763,random_forest
34,2024-01-01 00:00:00+00:00,2025-10-31 13:00:00+00:00,2025-10-31 14:00:00+00:00,2025-11-07 13:00:00+00:00,16068,168,168,75583.14594392784,97276.19194153219,7.00556008575479,0.9753154524022157,random_forest
35,2024-01-01 00:00:00+00:00,2025-11-07 13:00:00+00:00,2025-11-07 14:00:00+00:00,2025-11-14 13:00:00+00:00,16236,168,168,57373.8577411426,76614.49721579601,4.7879973458239915,0.990285565789631,random_forest
36,2024-01-01 00:00:00+00:00,2025-11-14 13:00:00+00:00,2025-11-14 14:00:00+00:00,2025-11-21 13:00:00+00:00,16404,168,168,60310.61705931553,80006.53477754066,5.6786890657231845,0.9742097619123066,random_forest
37,2024-01-01 00:00:00+00:00,2025-11-21 13:00:00+00:00,2025-11-21 14:00:00+00:00,2025-11-28 13:00:00+00:00,16572,168,168,43787.29222836842,58665.37117598743,5.026219069680782,0.990311986545784,random_forest
38,2024-01-01 00:00:00+00:00,2025-11-28 13:00:00+00:00,2025-11-28 14:00:00+00:00,2025-12-05 13:00:00+00:00,16740,168,168,63216.752134166105,81390.32962304594,5.553845879267006,0.9743855026792211,random_forest
39,2024-01-01 00:00:00+00:00,2025-12-05 13:00:00+00:00,2025-12-05 14:00:00+00:00,2025-12-12 13:00:00+00:00,16908,168,168,56355.88792563137,72357.58262364563,5.2620497241631705,0.9830820553096263,random_forest
40,2024-01-01 00:00:00+00:00,2025-12-12 13:00:00+00:00,2025-12-12 14:00:00+00:00,2025-12-19 13:00:00+00:00,17076,168,168,82140.39399405828,107075.72866106842,7.377980111621721,0.9605727835885568,random_forest
41,2024-01-01 00:00:00+00:00,2025-12-19 13:00:00+00:00,2025-12-19 14:00:00+00:00,2025-12-26 13:00:00+00:00,17244,168,168,62090.910342951436,82041.65032297897,6.398720428956313,0.9309384526454039,random_forest
1,2024-01-01 00:00:00+00:00,2025-03-14 13:00:00+00:00,2025-03-14 14:00:00+00:00,2025-03-21 13:00:00+00:00,10525,168,168,75882.68918242479,98009.8547873962,6.198393368028061,0.9851868861971493,gradient_boosting
2,2024-01-01 00:00:00+00:00,2025-03-21 13:00:00+00:00,2025-03-21 14:00:00+00:00,2025-03-28 13:00:00+00:00,10693,168,168,63428.876971996244,83027.20315116925,6.0799391194814865,0.9841997054307968,gradient_boosting
3,2024-01-01 00:00:00+00:00,2025-03-28 13:00:00+00:00,2025-03-28 14:00:00+00:00,2025-04-04 13:00:00+00:00,10861,168,168,88393.38262852075,148340.40131112735,7.219355396867076,0.9477652880678193,gradient_boosting
4,2024-01-01 00:00:00+00:00,2025-04-04 13:00:00+00:00,2025-04-04 14:00:00+00:00,2025-04-11 13:00:00+00:00,11029,168,168,60496.951754726855,74073.48154319232,7.013124585773353,0.9670901805612288,gradient_boosting
5,2024-01-01 00:00:00+00:00,2025-04-11 13:00:00+00:00,2025-04-11 14:00:00+00:00,2025-04-18 13:00:00+00:00,11197,168,168,72918.62600632965,97602.21395281884,6.759049766980158,0.972129078490658,gradient_boosting
6,2024-01-01 00:00:00+00:00,2025-04-18 13:00:00+00:00,2025-04-18 14:00:00+00:00,2025-04-25 13:00:00+00:00,11365,168,168,50757.076232661515,67643.37793229157,5.4080939045421506,0.9902446245936739,gradient_boosting
7,2024-01-01 00:00:00+00:00,2025-04-25 13:00:00+00:00,2025-04-25 14:00:00+00:00,2025-05-02 13:00:00+00:00,11533,168,168,95975.16308756212,136145.58945718434,50.49274961692164,0.9188159389356186,gradient_boosting
8,2024-01-01 00:00:00+00:00,2025-05-02 13:00:00+00:00,2025-05-02 14:00:00+00:00,2025-05-09 13:00:00+00:00,11701,168,168,53746.94447315307,70769.03459924305,6.731791964664039,0.9705930841182838,gradient_boosting
9,2024-01-01 00:00:00+00:00,2025-05-09 13:00:00+00:00,2025-05-09 14:00:00+00:00,2025-05-16 13:00:00+00:00,11869,168,168,60086.28313804256,74534.24347903594,6.955586444125515,0.9245395244096307,gradient_boosting
10,2024-01-01 00:00:00+00:00,2025-05-16 13:00:00+00:00,2025-05-16 14:00:00+00:00,2025-05-23 13:00:00+00:00,12037,168,168,47052.75721680243,60411.280007971116,6.619458364076534,0.9449385066466176,gradient_boosting
11,2024-01-01 00:00:00+00:00,2025-05-23 13:00:00+00:00,2025-05-23 14:00:00+00:00,2025-05-30 13:00:00+00:00,12205,168,168,35432.10851842164,44649.14386073532,6.638274387182659,0.9124565056850218,gradient_boosting
12,2024-01-01 00:00:00+00:00,2025-05-30 13:00:00+00:00,2025-05-30 14:00:00+00:00,2025-06-06 13:00:00+00:00,12373,168,168,52707.78041864244,67156.27228250568,7.447472700759131,0.9491885629202315,gradient_boosting
13,2024-01-01 00:00:00+00:00,2025-06-06 13:00:00+00:00,2025-06-06 14:00:00+00:00,2025-06-13 13:00:00+00:00,12541,168,168,49732.657322123545,63352.59223341387,7.090384860495948,0.9145458779179731,gradient_boosting
14,2024-01-01 00:00:00+00:00,2025-06-13 13:00:00+00:00,2025-06-13 14:00:00+00:00,2025-06-20 13:00:00+00:00,12709,168,168,52169.698989983866,70179.67417679918,7.597507731305959,0.9364817821343601,gradient_boosting
15,2024-01-01 00:00:00+00:00,2025-06-20 13:00:00+00:00,2025-06-20 14:00:00+00:00,2025-06-27 13:00:00+00:00,12877,168,168,52426.22557400233,76931.95904994792,8.2137950832546,0.8855057789246055,gradient_boosting
16,2024-01-01 00:00:00+00:00,2025-06-27 13:00:00+00:00,2025-06-27 14:00:00+00:00,2025-07-04 13:00:00+00:00,13045,168,168,46858.17561727656,64832.81505698434,7.517097236670348,0.9076895906494923,gradient_boosting
17,2024-01-01 00:00:00+00:00,2025-07-04 13:00:00+00:00,2025-07-04 14:00:00+00:00,2025-07-11 13:00:00+00:00,13213,168,168,53002.49204133054,70921.54605059476,8.243509197245835,0.951829811799944,gradient_boosting
18,2024-01-01 00:00:00+00:00,2025-07-11 13:00:00+00:00,2025-07-11 14:00:00+00:00,2025-07-18 13:00:00+00:00,13381,168,168,51865.72182160667,69892.20043883868,7.260995941690703,0.9379903301520862,gradient_boosting
19,2024-01-01 00:00:00+00:00,2025-07-18 13:00:00+00:00,2025-07-18 14:00:00+00:00,2025-07-25 13:00:00+00:00,13549,168,168,69228.0390770294,89388.38702362937,5.88428544868778,0.9301700426390022,gradient_boosting
20,2024-01-01 00:00:00+00:00,2025-07-25 13:00:00+00:00,2025-07-25 14:00:00+00:00,2025-08-01 13:00:00+00:00,13717,168,168,58531.46551358086,79845.73182820309,7.027717695724843,0.9648083456592442,gradient_boosting
21,2024-01-01 00:00:00+00:00,2025-08-01 13:00:00+00:00,2025-08-01 14:00:00+00:00,2025-08-08 13:00:00+00:00,13885,168,168,40038.04359738795,52617.91316871447,7.677121958296741,0.8883870903896495,gradient_boosting
22,2024-01-01 00:00:00+00:00,2025-08-08 13:00:00+00:00,2025-08-08 14:00:00+00:00,2025-08-15 13:00:00+00:00,14053,168,168,53153.900161592224,79826.67624753177,8.3186052876791,0.8948786964145066,gradient_boosting
23,2024-01-01 00:00:00+00:00,2025-08-15 13:00:00+00:00,2025-08-15 14:00:00+00:00,2025-08-22 13:00:00+00:00,14221,168,168,52427.544933239216,68462.08423411989,5.993490725511347,0.9639576726711903,gradient_boosting
24,2024-01-01 00:00:00+00:00,2025-08-22 13:00:00+00:00,2025-08-22 14:00:00+00:00,2025-08-29 13:00:00+00:00,14389,168,168,52236.81000291581,68416.6317916751,5.838156536268719,0.9733504245291945,gradient_boosting
25,2024-01-01 00:00:00+00:00,2025-08-29 13:00:00+00:00,2025-08-29 14:00:00+00:00,2025-09-05 13:00:00+00:00,14557,168,168,62621.619778235356,76165.20592973355,5.871709585106336,0.9200329030628915,gradient_boosting
26,2024-01-01 00:00:00+00:00,2025-09-05 13:00:00+00:00,2025-09-05 14:00:00+00:00,2025-09-12 13:00:00+00:00,14725,168,168,63825.23887535553,82822.60956557593,6.239106244087868,0.9469437828781962,gradient_boosting
27,2024-01-01 00:00:00+00:00,2025-09-12 13:00:00+00:00,2025-09-12 14:00:00+00:00,2025-09-19 13:00:00+00:00,14893,168,168,43692.896489404855,57694.38134435566,6.7337346547970105,0.9507285940631001,gradient_boosting
28,2024-01-01 00:00:00+00:00,2025-09-19 13:00:00+00:00,2025-09-19 14:00:00+00:00,2025-09-26 13:00:00+00:00,15061,168,168,57694.064507558054,73727.36539427604,7.100793755305858,0.9741359995846546,gradient_boosting
29,2024-01-01 00:00:00+00:00,2025-09-26 13:00:00+00:00,2025-09-26 14:00:00+00:00,2025-10-03 13:00:00+00:00,15229,168,168,51631.32717919926,69298.31435911176,6.808399134466992,0.9868180899126704,gradient_boosting
30,2024-01-01 00:00:00+00:00,2025-10-03 13:00:00+00:00,2025-10-03 14:00:00+00:00,2025-10-10 13:00:00+00:00,15397,168,168,57827.5670727473,82371.12485111634,6.920831575538296,0.9523025328437271,gradient_boosting
31,2024-01-01 00:00:00+00:00,2025-10-10 13:00:00+00:00,2025-10-10 14:00:00+00:00,2025-10-17 13:00:00+00:00,15565,168,168,39825.42678322455,53392.08942235456,9.185589490114486,0.9611891290771023,gradient_boosting
32,2024-01-01 00:00:00+00:00,2025-10-17 13:00:00+00:00,2025-10-17 14:00:00+00:00,2025-10-24 13:00:00+00:00,15733,168,168,58010.52677867267,80187.73196026793,5.777064978295019,0.9807164320858046,gradient_boosting
33,2024-01-01 00:00:00+00:00,2025-10-24 13:00:00+00:00,2025-10-24 14:00:00+00:00,2025-10-31 13:00:00+00:00,15901,167,168,59593.322818775334,72167.15457937327,7.956254046092829,0.9775427164340698,gradient_boosting
34,2024-01-01 00:00:00+00:00,2025-10-31 13:00:00+00:00,2025-10-31 14:00:00+00:00,2025-11-07 13:00:00+00:00,16068,168,168,73484.0440577985,94485.17413485922,6.921675422890569,0.9767116142701495,gradient_boosting
35,2024-01-01 00:00:00+00:00,2025-11-07 13:00:00+00:00,2025-11-07 14:00:00+00:00,2025-11-14 13:00:00+00:00,16236,168,168,56697.2908767219,73803.32558751946,5.054282850834511,0.9909853791976048,gradient_boosting
36,2024-01-01 00:00:00+00:00,2025-11-14 13:00:00+00:00,2025-11-14 14:00:00+00:00,2025-11-21 13:00:00+00:00,16404,168,168,59119.13103459617,77463.25689211814,5.536796141844589,0.9758233604728536,gradient_boosting
37,2024-01-01 00:00:00+00:00,2025-11-21 13:00:00+00:00,2025-11-21 14:00:00+00:00,2025-11-28 13:00:00+00:00,16572,168,168,42082.751050911684,56672.35883851699,4.875763368356499,0.9909590583476642,gradient_boosting
38,2024-01-01 00:00:00+00:00,2025-11-28 13:00:00+00:00,2025-11-28 14:00:00+00:00,2025-12-05 13:00:00+00:00,16740,168,168,64574.010775289076,83418.26230301746,5.611473294763669,0.9730931721453963,gradient_boosting
39,2024-01-01 00:00:00+00:00,2025-12-05 13:00:00+00:00,2025-12-05 14:00:00+00:00,2025-12-12 13:00:00+00:00,16908,168,168,53782.29107735822,71916.00609273349,4.99877219590692,0.9832879154764657,gradient_boosting
40,2024-01-01 00:00:00+00:00,2025-12-12 13:00:00+00:00,2025-12-12 14:00:00+00:00,2025-12-19 13:00:00+00:00,17076,168,168,83713.73968069364,108796.27170792544,7.486830015776269,0.9592955336265212,gradient_boosting
41,2024-01-01 00:00:00+00:00,2025-12-19 13:00:00+00:00,2025-12-19 14:00:00+00:00,2025-12-26 13:00:00+00:00,17244,168,168,60722.69168338998,81141.12786484968,6.250720490070104,0.9324462271650039,gradient_boosting
