fold,train_start,train_end,test_start,test_end,n_train,n_test,test_window_size,mae,rmse,mape,r2,model
1,2024-01-01 00:00:00+00:00,2025-03-14 13:00:00+00:00,2025-03-14 14:00:00+00:00,2025-03-21 13:00:00+00:00,10525,168,168,62485.236559324236,85885.64522971687,5.405451426368792,0.9886250883198999,lasso
2,2024-01-01 00:00:00+00:00,2025-03-21 13:00:00+00:00,2025-03-21 14:00:00+00:00,2025-03-28 13:00:00+00:00,10693,168,168,63428.876971996244,83027.20315116925,6.0799391194814865,0.9841997054307968,gradient_boosting
3,2024-01-01 00:00:00+00:00,2025-03-28 13:00:00+00:00,2025-03-28 14:00:00+00:00,2025-04-04 13:00:00+00:00,10861,168,168,86923.11665571321,148282.38692754335,7.115805651304032,0.9478061369803968,ridge
4,2024-01-01 00:00:00+00:00,2025-04-04 13:00:00+00:00,2025-04-04 14:00:00+00:00,2025-04-11 13:00:00+00:00,11029,168,168,58141.70430776923,72274.32279471487,6.66871021470284,0.9686694479975989,ridge
5,2024-01-01 00:00:00+00:00,2025-04-11 13:00:00+00:00,2025-04-11 14:00:00+00:00,2025-04-18 13:00:00+00:00,11197,168,168,69572.3511605589,96569.23970941709,6.342197824670118,0.9727159011360467,ridge
6,2024-01-01 00:00:00+00:00,2025-04-18 13:00:00+00:00,2025-04-18 14:00:00+00:00,2025-04-25 13:00:00+00:00,11365,168,168,49994.703443923674,66354.68286727843,5.276107816265972,0.9906127892477212,lasso
7,2024-01-01 00:00:00+00:00,2025-04-25 13:00:00+00:00,2025-04-25 14:00:00+00:00,2025-05-02 13:00:00+00:00,11533,168,168,82742.11204392885,122152.71273145512,22.746832366020012,0.9346463495055257,ridge
8,2024-01-01 00:00:00+00:00,2025-05-02 13:00:00+00:00,2025-05-02 14:00:00+00:00,2025-05-09 13:00:00+00:00,11701,168,168,51384.32383920989,68898.56604072367,6.253206649697934,0.9721270264110746,lasso
9,2024-01-01 00:00:00+00:00,2025-05-09 13:00:00+00:00,2025-05-09 14:00:00+00:00,2025-05-16 13:00:00+00:00,11869,168,168,58797.34315434065,73492.88480423174,6.811394611191098,0.926633393354077,ridge
10,2024-01-01 00:00:00+00:00,2025-05-16 13:00:00+00:00,2025-05-16 14:00:00+00:00,2025-05-23 13:00:00+00:00,12037,168,168,44859.2957567064,58691.50446646512,6.257743820592634,0.948028841880652,random_forest
11,2024-01-01 00:00:00+00:00,2025-05-23 13:00:00+00:00,2025-05-23 14:00:00+00:00,2025-05-30 13:00:00+00:00,12205,168,168,34496.440041744994,44344.83816998102,6.358310922142279,0.9136457424305873,lasso
12,2024-01-01 00:00:00+00:00,2025-05-30 13:00:00+00:00,2025-05-30 14:00:00+00:00,2025-06-06 13:00:00+00:00,12373,168,168,50164.87554570547,65341.827506249894,6.843381460435458,0.9518971432496595,random_forest
13,2024-01-01 00:00:00+00:00,2025-06-06 13:00:00+00:00,2025-06-06 14:00:00+00:00,2025-06-13 13:00:00+00:00,12541,168,168,48262.07948517907,61499.32511610162,6.801946372424612,0.9194723664180947,ridge
14,2024-01-01 00:00:00+00:00,2025-06-13 13:00:00+00:00,2025-06-13 14:00:00+00:00,2025-06-20 13:00:00+00:00,12709,168,168,52169.698989983866,70179.67417679918,7.597507731305959,0.9364817821343601,gradient_boosting
15,2024-01-01 00:00:00+00:00,2025-06-20 13:00:00+00:00,2025-06-20 14:00:00+00:00,2025-06-27 13:00:00+00:00,12877,168,168,49723.65834456417,75459.12281915167,7.5561557871728064,0.8898477206922519,ridge
16,2024-01-01 00:00:00+00:00,2025-06-27 13:00:00+00:00,2025-06-27 14:00:00+00:00,2025-07-04 13:00:00+00:00,13045,168,168,46314.388478027664,64543.67608713288,7.366037275475033,0.9085111196826811,ridge
17,2024-01-01 00:00:00+00:00,2025-07-04 13:00:00+00:00,2025-07-04 14:00:00+00:00,2025-07-11 13:00:00+00:00,13213,168,168,51131.51968786459,69229.2154483554,7.435155063080533,0.9541012588840934,random_forest
18,2024-01-01 00:00:00+00:00,2025-07-11 13:00:00+00:00,2025-07-11 14:00:00+00:00,2025-07-18 13:00:00+00:00,13381,168,168,50471.95887482206,69456.57695732678,7.041897192141203,0.938760907850761,random_forest
19,2024-01-01 00:00:00+00:00,2025-07-18 13:00:00+00:00,2025-07-18 14:00:00+00:00,2025-07-25 13:00:00+00:00,13549,168,168,67452.72543354468,86325.02768881053,5.688359249178043,0.9348742064553989,random_forest
20,2024-01-01 00:00:00+00:00,2025-07-25 13:00:00+00:00,2025-07-25 14:00:00+00:00,2025-08-01 13:00:00+00:00,13717,168,168,58504.296821544216,78297.8478723011,7.019325441278623,0.9661595661906106,random_forest
21,2024-01-01 00:00:00+00:00,2025-08-01 13:00:00+00:00,2025-08-01 14:00:00+00:00,2025-08-08 13:00:00+00:00,13885,168,168,39472.667603092654,51452.786109250854,7.344114938271375,0.8932752902161814,random_forest
22,2024-01-01 00:00:00+00:00,2025-08-08 13:00:00+00:00,2025-08-08 14:00:00+00:00,2025-08-15 13:00:00+00:00,14053,168,168,51477.51930866297,78186.9240098896,8.001077197372204,0.8991530194837848,ridge
23,2024-01-01 00:00:00+00:00,2025-08-15 13:00:00+00:00,2025-08-15 14:00:00+00:00,2025-08-22 13:00:00+00:00,14221,168,168,51866.049015719924,67576.8993449745,5.895202936318681,0.9648836704895355,random_forest
24,2024-01-01 00:00:00+00:00,2025-08-22 13:00:00+00:00,2025-08-22 14:00:00+00:00,2025-08-29 13:00:00+00:00,14389,168,168,52236.81000291581,68416.6317916751,5.838156536268719,0.9733504245291945,gradient_boosting
25,2024-01-01 00:00:00+00:00,2025-08-29 13:00:00+00:00,2025-08-29 14:00:00+00:00,2025-09-05 13:00:00+00:00,14557,168,168,62621.619778235356,76165.20592973355,5.871709585106336,0.9200329030628915,gradient_boosting
26,2024-01-01 00:00:00+00:00,2025-09-05 13:00:00+00:00,2025-09-05 14:00:00+00:00,2025-09-12 13:00:00+00:00,14725,168,168,63825.23887535553,82822.60956557593,6.239106244087868,0.9469437828781962,gradient_boosting
27,2024-01-01 00:00:00+00:00,2025-09-12 13:00:00+00:00,2025-09-12 14:00:00+00:00,2025-09-19 13:00:00+00:00,14893,168,168,41527.04227551486,55531.765425755555,6.331169293345821,0.9543531435751609,random_forest
28,2024-01-01 00:00:00+00:00,2025-09-19 13:00:00+00:00,2025-09-19 14:00:00+00:00,2025-09-26 13:00:00+00:00,15061,168,168,56309.53770086521,73303.67801204434,6.728043693116413,0.9744324095758737,random_forest
29,2024-01-01 00:00:00+00:00,2025-09-26 13:00:00+00:00,2025-09-26 14:00:00+00:00,2025-10-03 13:00:00+00:00,15229,168,168,48720.08201991811,66196.00131197278,6.331237987591373,0.9879719142591679,lasso
30,2024-01-01 00:00:00+00:00,2025-10-03 13:00:00+00:00,2025-10-03 14:00:00+00:00,2025-10-10 13:00:00+00:00,15397,168,168,53773.99257541075,78581.32690086552,6.319381261236548,0.9565905743192566,random_forest
31,2024-01-01 00:00:00+00:00,2025-10-10 13:00:00+00:00,2025-10-10 14:00:00+00:00,2025-10-17 13:00:00+00:00,15565,168,168,35945.74859554649,51898.28379195792,7.766222894258109,0.9633304527204354,random_forest
32,2024-01-01 00:00:00+00:00,2025-10-17 13:00:00+00:00,2025-10-17 14:00:00+00:00,2025-10-24 13:00:00+00:00,15733,168,168,57431.52955484589,77777.49425144658,5.6988937497475005,0.9818582396144635,lasso
33,2024-01-01 00:00:00+00:00,2025-10-24 13:00:00+00:00,2025-10-24 14:00:00+00:00,2025-10-31 13:00:00+00:00,15901,167,168,57386.72789954802,70951.97840962355,7.539225373387244,0.9782926365430069,lasso
34,2024-01-01 00:00:00+00:00,2025-10-31 13:00:00+00:00,2025-10-31 14:00:00+00:00,2025-11-07 13:00:00+00:00,16068,168,168,71436.97959735713,91729.32288578278,6.602766341361492,0.9780503082510638,lasso
35,2024-01-01 00:00:00+00:00,2025-11-07 13:00:00+00:00,2025-11-07 14:00:00+00:00,2025-11-14 13:00:00+00:00,16236,168,168,54827.87779856981,72772.37518439749,4.660266479489289,0.9912354686362279,lasso
36,2024-01-01 00:00:00+00:00,2025-11-14 13:00:00+00:00,2025-11-14 14:00:00+00:00,2025-11-21 13:00:00+00:00,16404,168,168,57009.91396731739,74096.73945432238,5.326405736827749,0.9778791085106091,lasso
37,2024-01-01 00:00:00+00:00,2025-11-21 13:00:00+00:00,2025-11-21 14:00:00+00:00,2025-11-28 13:00:00+00:00,16572,168,168,40486.35646236191,54825.09453478024,4.594694255533639,0.9915388408092994,lasso
38,2024-01-01 00:00:00+00:00,2025-11-28 13:00:00+00:00,2025-11-28 14:00:00+00:00,2025-12-05 13:00:00+00:00,16740,168,168,63216.752134166105,81390.32962304594,5.553845879267006,0.9743855026792211,random_forest
39,2024-01-01 00:00:00+00:00,2025-12-05 13:00:00+00:00,2025-12-05 14:00:00+00:00,2025-12-12 13:00:00+00:00,16908,168,168,51483.60899670063,67277.95309662702,4.83851560291147,0.9853740177533589,lasso
40,2024-01-01 00:00:00+00:00,2025-12-12 13:00:00+00:00,2025-12-12 14:00:00+00:00,2025-12-19 13:00:00+00:00,17076,168,168,78395.02833241054,104975.6027113669,7.0828102581110315,0.9621042249923628,lasso
41,2024-01-01 00:00:00+00:00,2025-12-19 13:00:00+00:00,2025-12-19 14:00:00+00:00,2025-12-26 13:00:00+00:00,17244,168,168,61145.65375107153,80758.31360887732,6.305286161984924,0.9330821449655391,ridge
